{
  "mode": "stretch",
  "D": 2,
  "L_trunc": 3,
  "L_max": 8,
  "lam": 5.0,
  "scale_init": 0.05,
  "dim": 85,
  "n_targets": 34,
  "cyc_words": [
    [
      -2,
      -2,
      -2,
      -1,
      2,
      2,
      2,
      1
    ],
    [
      -2,
      -2,
      -1,
      2,
      2,
      1
    ],
    [
      -2,
      -1,
      2,
      1
    ]
  ],
  "per_target": {
    "(-2, -1, 2, 1)": {
      "loop": [
        -2,
        -1,
        2,
        1
      ],
      "length": 4,
      "area": 1,
      "model_real": 0.09854849127172272,
      "model_imag": 0.0009248064022809744,
      "exact": 0.1,
      "err_abs": 0.0014515087282772898,
      "err_rel": 0.014515087282772898,
      "passed": true
    },
    "(-2, 1, 2, -1)": {
      "loop": [
        -2,
        1,
        2,
        -1
      ],
      "length": 4,
      "area": 1,
      "model_real": 0.09864060494344842,
      "model_imag": -0.0008650536792240785,
      "exact": 0.1,
      "err_abs": 0.0013593950565515822,
      "err_rel": 0.013593950565515822,
      "passed": true
    },
    "(-2, -2, -1, 2, 2, 1)": {
      "loop": [
        -2,
        -2,
        -1,
        2,
        2,
        1
      ],
      "length": 6,
      "area": 2,
      "model_real": 0.010613652389633793,
      "model_imag": -5.8110067455627995e-05,
      "exact": 0.010000000000000002,
      "err_abs": 0.0006136523896337915,
      "err_rel": 0.061365238963379136,
      "passed": false
    },
    "(-2, -2, 1, 2, 2, -1)": {
      "loop": [
        -2,
        -2,
        1,
        2,
        2,
        -1
      ],
      "length": 6,
      "area": 2,
      "model_real": 0.010552069300296979,
      "model_imag": 2.2748150726911373e-05,
      "exact": 0.010000000000000002,
      "err_abs": 0.000552069300296977,
      "err_rel": 0.05520693002969769,
      "passed": false
    },
    "(-2, -1, -1, 2, 1, 1)": {
      "loop": [
        -2,
        -1,
        -1,
        2,
        1,
        1
      ],
      "length": 6,
      "area": 2,
      "model_real": 0.009829095005238665,
      "model_imag": 0.00033907984951599135,
      "exact": 0.010000000000000002,
      "err_abs": 0.00017090499476133704,
      "err_rel": 0.0170904994761337,
      "passed": true
    },
    "(-2, 1, 1, 2, -1, -1)": {
      "loop": [
        -2,
        1,
        1,
        2,
        -1,
        -1
      ],
      "length": 6,
      "area": 2,
      "model_real": 0.010245285319365834,
      "model_imag": 0.0002911707815610805,
      "exact": 0.010000000000000002,
      "err_abs": 0.000245285319365832,
      "err_rel": 0.024528531936583196,
      "passed": true
    },
    "(-2, -2, -2, -1, 2, 2, 2, 1)": {
      "loop": [
        -2,
        -2,
        -2,
        -1,
        2,
        2,
        2,
        1
      ],
      "length": 8,
      "area": 3,
      "model_real": 0.0010904987994362109,
      "model_imag": 0.00013833177539124015,
      "exact": 0.0010000000000000002,
      "err_abs": 9.049879943621064e-05,
      "err_rel": 0.09049879943621063,
      "passed": true
    },
    "(-2, -2, -2, 1, 2, 2, 2, -1)": {
      "loop": [
        -2,
        -2,
        -2,
        1,
        2,
        2,
        2,
        -1
      ],
      "length": 8,
      "area": 3,
      "model_real": 0.0010654647343762372,
      "model_imag": -0.00011865731206697977,
      "exact": 0.0010000000000000002,
      "err_abs": 6.546473437623701e-05,
      "err_rel": 0.065464734376237,
      "passed": true
    },
    "(-2, -2, -1, -1, 2, 1, 2, 1)": {
      "loop": [
        -2,
        -2,
        -1,
        -1,
        2,
        1,
        2,
        1
      ],
      "length": 8,
      "area": 3,
      "model_real": 0.0011247744196936863,
      "model_imag": -4.1327257224007576e-05,
      "exact": 0.0010000000000000002,
      "err_abs": 0.00012477441969368608,
      "err_rel": 0.12477441969368605,
      "passed": true
    },
    "(-2, -2, -1, -1, 2, 2, 1, 1)": {
      "loop": [
        -2,
        -2,
        -1,
        -1,
        2,
        2,
        1,
        1
      ],
      "length": 8,
      "area": 4,
      "model_real": 0.0004985105540678734,
      "model_imag": -0.00011689075417464648,
      "exact": 0.00010000000000000002,
      "err_abs": 0.0003985105540678733,
      "err_rel": 3.9851055406787323,
      "passed": true
    },
    "(-2, -2, -1, 2, -1, 2, 1, 1)": {
      "loop": [
        -2,
        -2,
        -1,
        2,
        -1,
        2,
        1,
        1
      ],
      "length": 8,
      "area": 3,
      "model_real": 0.0006790193218042442,
      "model_imag": 0.00013840055750811596,
      "exact": 0.0010000000000000002,
      "err_abs": 0.00032098067819575607,
      "err_rel": 0.320980678195756,
      "passed": true
    },
    "(-2, -2, -1, 2, 1, 1, 2, -1)": {
      "loop": [
        -2,
        -2,
        -1,
        2,
        1,
        1,
        2,
        -1
      ],
      "length": 8,
      "area": 0,
      "model_real": 0.010345192225649016,
      "model_imag": -0.00032095264993590045,
      "exact": 0.010000000000000002,
      "err_abs": 0.00034519222564901447,
      "err_rel": 0.03451922256490144,
      "passed": true
    },
    "(-2, -2, 1, 1, 2, -1, 2, -1)": {
      "loop": [
        -2,
        -2,
        1,
        1,
        2,
        -1,
        2,
        -1
      ],
      "length": 8,
      "area": 3,
      "model_real": 0.001042682251236885,
      "model_imag": 0.0001516018393698977,
      "exact": 0.0010000000000000002,
      "err_abs": 4.268225123688486e-05,
      "err_rel": 0.04268225123688485,
      "passed": true
    },
    "(-2, -2, 1, 1, 2, 2, -1, -1)": {
      "loop": [
        -2,
        -2,
        1,
        1,
        2,
        2,
        -1,
        -1
      ],
      "length": 8,
      "area": 4,
      "model_real": -0.0002437435411562789,
      "model_imag": 0.00042163784286092416,
      "exact": 0.00010000000000000002,
      "err_abs": 0.00034374354115627895,
      "err_rel": 3.437435411562789,
      "passed": true
    },
    "(-2, -2, 1, 2, -1, -1, 2, 1)": {
      "loop": [
        -2,
        -2,
        1,
        2,
        -1,
        -1,
        2,
        1
      ],
      "length": 8,
      "area": 0,
      "model_real": 0.009907764109752606,
      "model_imag": 0.0001935728530247217,
      "exact": 0.010000000000000002,
      "err_abs": 9.223589024739617e-05,
      "err_rel": 0.009223589024739616,
      "passed": true
    },
    "(-2, -2, 1, 2, 1, 2, -1, -1)": {
      "loop": [
        -2,
        -2,
        1,
        2,
        1,
        2,
        -1,
        -1
      ],
      "length": 8,
      "area": 3,
      "model_real": 0.0009891653698641256,
      "model_imag": -0.00017707802415322434,
      "exact": 0.0010000000000000002,
      "err_abs": 1.0834630135874617e-05,
      "err_rel": 0.010834630135874615,
      "passed": true
    },
    "(-2, -1, -2, -1, 2, 1, 2, 1)": {
      "loop": [
        -2,
        -1,
        -2,
        -1,
        2,
        1,
        2,
        1
      ],
      "length": 8,
      "area": 2,
      "model_real": 0.010143164655960801,
      "model_imag": -0.000818154092029815,
      "exact": 0.010000000000000002,
      "err_abs": 0.000143164655960799,
      "err_rel": 0.014316465596079898,
      "passed": true
    },
    "(-2, -1, -2, -1, 2, 2, 1, 1)": {
      "loop": [
        -2,
        -1,
        -2,
        -1,
        2,
        2,
        1,
        1
      ],
      "length": 8,
      "area": 3,
      "model_real": 0.0008448036457584648,
      "model_imag": 0.0002114012866274806,
      "exact": 0.0010000000000000002,
      "err_abs": 0.00015519635424153543,
      "err_rel": 0.15519635424153538,
      "passed": true
    },
    "(-2, -1, -2, 1, 1, 2, 2, -1)": {
      "loop": [
        -2,
        -1,
        -2,
        1,
        1,
        2,
        2,
        -1
      ],
      "length": 8,
      "area": 3,
      "model_real": 0.001240126399644245,
      "model_imag": 4.66543417415266e-05,
      "exact": 0.0010000000000000002,