{
  "mode": "stretch",
  "D": 2,
  "L_trunc": 4,
  "L_max": 8,
  "lam": 5.0,
  "scale_init": 0.05,
  "dim": 341,
  "n_targets": 34,
  "cyc_words": [
    [
      -2,
      -2,
      -2,
      -1,
      2,
      2,
      2,
      1
    ],
    [
      -2,
      -2,
      -1,
      2,
      2,
      1
    ],
    [
      -2,
      -1,
      2,
      1
    ]
  ],
  "per_target": {
    "(-2, -1, 2, 1)": {
      "loop": [
        -2,
        -1,
        2,
        1
      ],
      "length": 4,
      "area": 1,
      "model_real": 0.09999999936232534,
      "model_imag": -2.1737409937913447e-10,
      "exact": 0.1,
      "err_abs": 6.376746630731844e-10,
      "err_rel": 6.376746630731844e-09,
      "passed": true
    },
    "(-2, 1, 2, -1)": {
      "loop": [
        -2,
        1,
        2,
        -1
      ],
      "length": 4,
      "area": 1,
      "model_real": 0.0999999994126078,
      "model_imag": 2.2489039653412167e-10,
      "exact": 0.1,
      "err_abs": 5.873922043209134e-10,
      "err_rel": 5.873922043209134e-09,
      "passed": true
    },
    "(-2, -2, -1, 2, 2, 1)": {
      "loop": [
        -2,
        -2,
        -1,
        2,
        2,
        1
      ],
      "length": 6,
      "area": 2,
      "model_real": 0.010000000044905385,
      "model_imag": -1.8246412852304565e-10,
      "exact": 0.010000000000000002,
      "err_abs": 4.490538323131954e-11,
      "err_rel": 4.490538323131953e-09,
      "passed": true
    },
    "(-2, -2, 1, 2, 2, -1)": {
      "loop": [
        -2,
        -2,
        1,
        2,
        2,
        -1
      ],
      "length": 6,
      "area": 2,
      "model_real": 0.010000000032858836,
      "model_imag": 1.6587951905418078e-10,
      "exact": 0.010000000000000002,
      "err_abs": 3.285883370951481e-11,
      "err_rel": 3.2858833709514804e-09,
      "passed": true
    },
    "(-2, -1, -1, 2, 1, 1)": {
      "loop": [
        -2,
        -1,
        -1,
        2,
        1,
        1
      ],
      "length": 6,
      "area": 2,
      "model_real": 0.010000000055551607,
      "model_imag": 2.9333565895847853e-10,
      "exact": 0.010000000000000002,
      "err_abs": 5.5551604982717606e-11,
      "err_rel": 5.55516049827176e-09,
      "passed": true
    },
    "(-2, 1, 1, 2, -1, -1)": {
      "loop": [
        -2,
        1,
        1,
        2,
        -1,
        -1
      ],
      "length": 6,
      "area": 2,
      "model_real": 0.010000000244831176,
      "model_imag": -1.074145745494446e-10,
      "exact": 0.010000000000000002,
      "err_abs": 2.4483117443130364e-10,
      "err_rel": 2.448311744313036e-08,
      "passed": true
    },
    "(-2, -2, -2, -1, 2, 2, 2, 1)": {
      "loop": [
        -2,
        -2,
        -2,
        -1,
        2,
        2,
        2,
        1
      ],
      "length": 8,
      "area": 3,
      "model_real": 0.0010000005402854152,
      "model_imag": -1.5085787108989716e-10,
      "exact": 0.0010000000000000002,
      "err_abs": 5.40285414931535e-10,
      "err_rel": 5.402854149315349e-07,
      "passed": true
    },
    "(-2, -2, -2, 1, 2, 2, 2, -1)": {
      "loop": [
        -2,
        -2,
        -2,
        1,
        2,
        2,
        2,
        -1
      ],
      "length": 8,
      "area": 3,
      "model_real": 0.0010000004853238339,
      "model_imag": 1.4407204411686497e-10,
      "exact": 0.0010000000000000002,
      "err_abs": 4.853238336384458e-10,
      "err_rel": 4.853238336384457e-07,
      "passed": true
    },
    "(-2, -2, -1, -1, 2, 1, 2, 1)": {
      "loop": [
        -2,
        -2,
        -1,
        -1,
        2,
        1,
        2,
        1
      ],
      "length": 8,
      "area": 3,
      "model_real": 0.0009999996211660495,
      "model_imag": 3.401452296230732e-10,
      "exact": 0.0010000000000000002,
      "err_abs": 3.7883395075447024e-10,
      "err_rel": 3.7883395075447013e-07,
      "passed": true
    },
    "(-2, -2, -1, -1, 2, 2, 1, 1)": {
      "loop": [
        -2,
        -2,
        -1,
        -1,
        2,
        2,
        1,
        1
      ],
      "length": 8,
      "area": 4,
      "model_real": 0.00010000050527336573,
      "model_imag": -1.6216406620577373e-10,
      "exact": 0.00010000000000000002,
      "err_abs": 5.052733657092291e-10,
      "err_rel": 5.05273365709229e-06,
      "passed": true
    },
    "(-2, -2, -1, 2, -1, 2, 1, 1)": {
      "loop": [
        -2,
        -2,
        -1,
        2,
        -1,
        2,
        1,
        1
      ],
      "length": 8,
      "area": 3,
      "model_real": 0.0009999995318694943,
      "model_imag": -1.5067203954226456e-10,
      "exact": 0.0010000000000000002,
      "err_abs": 4.681305059307111e-10,
      "err_rel": 4.6813050593071104e-07,
      "passed": true
    },
    "(-2, -2, -1, 2, 1, 1, 2, -1)": {
      "loop": [
        -2,
        -2,
        -1,
        2,
        1,
        1,
        2,
        -1
      ],
      "length": 8,
      "area": 0,
      "model_real": 0.009999999841595105,
      "model_imag": 1.8376765582341081e-10,
      "exact": 0.010000000000000002,
      "err_abs": 1.5840489683838221e-10,
      "err_rel": 1.5840489683838218e-08,
      "passed": true
    },
    "(-2, -2, 1, 1, 2, -1, 2, -1)": {
      "loop": [
        -2,
        -2,
        1,
        1,
        2,
        -1,
        2,
        -1
      ],
      "length": 8,
      "area": 3,
      "model_real": 0.0010000000120536604,
      "model_imag": -1.8555076274068317e-10,
      "exact": 0.0010000000000000002,
      "err_abs": 1.2053660153332757e-11,
      "err_rel": 1.2053660153332754e-08,
      "passed": true
    },
    "(-2, -2, 1, 1, 2, 2, -1, -1)": {
      "loop": [
        -2,
        -2,
        1,
        1,
        2,
        2,
        -1,
        -1
      ],
      "length": 8,
      "area": 4,
      "model_real": 0.00010000014179857767,
      "model_imag": -6.117862336521562e-11,
      "exact": 0.00010000000000000002,
      "err_abs": 1.4179857765403425e-10,
      "err_rel": 1.4179857765403423e-06,
      "passed": true
    },
    "(-2, -2, 1, 2, -1, -1, 2, 1)": {
      "loop": [
        -2,
        -2,
        1,
        2,
        -1,
        -1,
        2,
        1
      ],
      "length": 8,
      "area": 0,
      "model_real": 0.010000000553825637,
      "model_imag": -1.7213876593542626e-10,
      "exact": 0.010000000000000002,
      "err_abs": 5.538256346582227e-10,
      "err_rel": 5.538256346582225e-08,
      "passed": true
    },
    "(-2, -2, 1, 2, 1, 2, -1, -1)": {
      "loop": [
        -2,
        -2,
        1,
        2,
        1,
        2,
        -1,
        -1
      ],
      "length": 8,
      "area": 3,
      "model_real": 0.0009999999909952124,
      "model_imag": 2.1100720590293623e-10,
      "exact": 0.0010000000000000002,
      "err_abs": 9.00478780083147e-12,
      "err_rel": 9.004787800831469e-09,
      "passed": true
    },
    "(-2, -1, -2, -1, 2, 1, 2, 1)": {
      "loop": [
        -2,
        -1,
        -2,
        -1,
        2,
        1,
        2,
        1
      ],
      "length": 8,
      "area": 2,
      "model_real": 0.009999999955292195,
      "model_imag": 9.940121204713315e-11,
      "exact": 0.010000000000000002,
      "err_abs": 4.470780690102316e-11,
      "err_rel": 4.470780690102315e-09,
      "passed": true
    },
    "(-2, -1, -2, -1, 2, 2, 1, 1)": {
      "loop": [
        -2,
        -1,
        -2,
        -1,
        2,
        2,
        1,
        1
      ],
      "length": 8,
      "area": 3,
      "model_real": 0.00100000005419079,
      "model_imag": -1.1064559858608991e-10,
      "exact": 0.0010000000000000002,
      "err_abs": 5.419078965944457e-11,
      "err_rel": 5.419078965944456e-08,
      "passed": true
    },
    "(-2, -1, -2, 1, 1, 2, 2, -1)": {
      "loop": [
        -2,
        -1,
        -2,
        1,
        1,
        2,
        2,
        -1
      ],
      "length": 8,
      "area": 3,
      "model_real": 0.001000000090932392,
      "model_imag": -2.3098133879206374e-11,