{
  "mode": "stretch",
  "D": 2,
  "L_trunc": 4,
  "L_max": 6,
  "lam": 3.0,
  "scale_init": 0.05,
  "dim": 341,
  "n_targets": 6,
  "cyc_words": [
    [
      -2,
      -2,
      -1,
      2,
      2,
      1
    ],
    [
      -2,
      -1,
      2,
      1
    ]
  ],
  "per_target": {
    "(-2, -1, 2, 1)": {
      "loop": [
        -2,
        -1,
        2,
        1
      ],
      "length": 4,
      "area": 1,
      "model_real": 0.16666666756996695,
      "model_imag": -7.060047377879103e-09,
      "exact": 0.16666666666666666,
      "err_abs": 9.03300295673759e-10,
      "err_rel": 5.419801774042554e-09,
      "passed": true
    },
    "(-2, 1, 2, -1)": {
      "loop": [
        -2,
        1,
        2,
        -1
      ],
      "length": 4,
      "area": 1,
      "model_real": 0.16666667065231822,
      "model_imag": -9.228053636988962e-09,
      "exact": 0.16666666666666666,
      "err_abs": 3.985651558791048e-09,
      "err_rel": 2.3913909352746288e-08,
      "passed": true
    },
    "(-2, -2, -1, 2, 2, 1)": {
      "loop": [
        -2,
        -2,
        -1,
        2,
        2,
        1
      ],
      "length": 6,
      "area": 2,
      "model_real": 0.02777778239939754,
      "model_imag": -2.745305345682944e-08,
      "exact": 0.027777777777777776,
      "err_abs": 4.621619763972573e-09,
      "err_rel": 1.6637831150301263e-07,
      "passed": true
    },
    "(-2, -2, 1, 2, 2, -1)": {
      "loop": [
        -2,
        -2,
        1,
        2,
        2,
        -1
      ],
      "length": 6,
      "area": 2,
      "model_real": 0.027777773813283432,
      "model_imag": -4.414003135195339e-09,
      "exact": 0.027777777777777776,
      "err_abs": 3.964494343922098e-09,
      "err_rel": 1.4272179638119553e-07,
      "passed": true
    },
    "(-2, -1, -1, 2, 1, 1)": {
      "loop": [
        -2,
        -1,
        -1,
        2,
        1,
        1
      ],
      "length": 6,
      "area": 2,
      "model_real": 0.027777784474759266,
      "model_imag": -1.5834918252934788e-09,
      "exact": 0.027777777777777776,
      "err_abs": 6.696981490195153e-09,
      "err_rel": 2.410913336470255e-07,
      "passed": true
    },
    "(-2, 1, 1, 2, -1, -1)": {
      "loop": [
        -2,
        1,
        1,
        2,
        -1,
        -1
      ],
      "length": 6,
      "area": 2,
      "model_real": 0.02777778332094993,
      "model_imag": 1.2058294219324751e-08,
      "exact": 0.027777777777777776,
      "err_abs": 5.543172153926745e-09,
      "err_rel": 1.9955419754136283e-07,
      "passed": true
    }
  },
  "by_length_stats": {
    "4": {
      "n": 2,
      "mean_err_rel": 1.4666855563394421e-08,
      "max_err_rel": 2.3913909352746288e-08
    },
    "6": {
      "n": 4,
      "mean_err_rel": 1.8743640976814913e-07,
      "max_err_rel": 2.410913336470255e-07
    }
  },
  "worst_err_rel": 2.410913336470255e-07,
  "max_imag_abs": 2.745305345682944e-08,
  "n_fail": 0,
  "worst_over_thresh": [],
  "cyclicity_residual": 8.013254020067667e-15,
  "boundary_norm_single": 0.5518132155271621,
  "boundary_probe_depth": {
    "0": [
      0.5518132155271621,
      0.13305914429264443,
      0.28209191965368463,
      0.2943010507877363,
      0.2957482364784533,
      0.2975393060564901,
      0.12988112761819604,
      0.46873999026531943
    ],
    "1": [
      0.15852970499710212,
      0.5045164365908241,
      0.5041669003872579,
      0.3445675746176024,
      0.2669166842633366,
      0.4098876547368213,
      0.36232414459839696,
      0.394263185210468
    ]
  },
  "interior_unitarity": 5.4418441327595437e-14,
  "final_loss": 8.13179591902294e-14,
  "n_steps_run": 901,
  "final_grad_norm": 4.462005134495163e-06,
  "wall_time_s": 199.6817479133606,
  "gates": {
    "all_targets": true,
    "cyclicity": true,
    "unitarity": true
  },
  "Q1_verdict": "YES"
}