{
  "mode": "stretch",
  "D": 2,
  "L_trunc": 4,
  "L_max": 6,
  "lam": 10.0,
  "scale_init": 0.05,
  "dim": 341,
  "n_targets": 6,
  "cyc_words": [
    [
      -2,
      -2,
      -1,
      2,
      2,
      1
    ],
    [
      -2,
      -1,
      2,
      1
    ]
  ],
  "per_target": {
    "(-2, -1, 2, 1)": {
      "loop": [
        -2,
        -1,
        2,
        1
      ],
      "length": 4,
      "area": 1,
      "model_real": 0.049999999999999344,
      "model_imag": 2.363994416887394e-15,
      "exact": 0.05,
      "err_abs": 6.591949208711867e-16,
      "err_rel": 1.3183898417423734e-14,
      "passed": true
    },
    "(-2, 1, 2, -1)": {
      "loop": [
        -2,
        1,
        2,
        -1
      ],
      "length": 4,
      "area": 1,
      "model_real": 0.04999999999999982,
      "model_imag": 3.310069232598245e-15,
      "exact": 0.05,
      "err_abs": 1.8041124150158794e-16,
      "err_rel": 3.608224830031759e-15,
      "passed": true
    },
    "(-2, -2, -1, 2, 2, 1)": {
      "loop": [
        -2,
        -2,
        -1,
        2,
        2,
        1
      ],
      "length": 6,
      "area": 2,
      "model_real": 0.0025000000000023506,
      "model_imag": 1.7441777189208807e-14,
      "exact": 0.0025000000000000005,
      "err_abs": 2.3501166290795794e-15,
      "err_rel": 9.400466516318316e-13,
      "passed": true
    },
    "(-2, -2, 1, 2, 2, -1)": {
      "loop": [
        -2,
        -2,
        1,
        2,
        2,
        -1
      ],
      "length": 6,
      "area": 2,
      "model_real": 0.0025000000000007325,
      "model_imag": 2.5212579420064163e-15,
      "exact": 0.0025000000000000005,
      "err_abs": 7.320533068622126e-16,
      "err_rel": 2.92821322744885e-13,
      "passed": true
    },
    "(-2, -1, -1, 2, 1, 1)": {
      "loop": [
        -2,
        -1,
        -1,
        2,
        1,
        1
      ],
      "length": 6,
      "area": 2,
      "model_real": 0.0024999999999973732,
      "model_imag": -7.4593109467002705e-16,
      "exact": 0.0025000000000000005,
      "err_abs": 2.6272387043668743e-15,
      "err_rel": 1.0508954817467495e-12,
      "passed": true
    },
    "(-2, 1, 1, 2, -1, -1)": {
      "loop": [
        -2,
        1,
        1,
        2,
        -1,
        -1
      ],
      "length": 6,
      "area": 2,
      "model_real": 0.002499999999996725,
      "model_imag": -7.978264316560457e-15,
      "exact": 0.0025000000000000005,
      "err_abs": 3.275591603513206e-15,
      "err_rel": 1.3102366414052822e-12,
      "passed": true
    }
  },
  "by_length_stats": {
    "4": {
      "n": 2,
      "mean_err_rel": 8.396061623727746e-15,
      "max_err_rel": 1.3183898417423734e-14
    },
    "6": {
      "n": 4,
      "mean_err_rel": 8.98500024382187e-13,
      "max_err_rel": 1.3102366414052822e-12
    }
  },
  "worst_err_rel": 1.3102366414052822e-12,
  "max_imag_abs": 1.7441777189208807e-14,
  "n_fail": 0,
  "worst_over_thresh": [],
  "cyclicity_residual": 3.2223010118559054e-27,
  "boundary_norm_single": 0.5337657920864732,
  "boundary_probe_depth": {
    "0": [
      0.5337657920864732,
      0.16144766472299818,
      0.1977072926543593,
      0.43563418831248146,
      0.15059960565409974,
      0.3233168963090345,
      0.23604289706416862,
      0.2657573669185621
    ],
    "1": [
      0.18484764931199113,
      0.5214377664625434,
      0.46435352166779426,
      0.3000216958569286,
      0.27842950829537993,
      0.4254502329782067,
      0.345393909489462,
      0.39624328373368173
    ]
  },
  "interior_unitarity": 5.186630657057336e-14,
  "final_loss": 3.263849451425461e-26,
  "n_steps_run": 1501,
  "final_grad_norm": 1.5404304347667436e-12,
  "wall_time_s": 313.3661050796509,
  "gates": {
    "all_targets": true,
    "cyclicity": true,
    "unitarity": true
  },
  "Q1_verdict": "YES"
}