{
  "mode": "stretch",
  "D": 2,
  "L_trunc": 4,
  "L_max": 6,
  "lam": 2.0,
  "scale_init": 0.05,
  "dim": 341,
  "n_targets": 6,
  "cyc_words": [
    [
      -2,
      -2,
      -1,
      2,
      2,
      1
    ],
    [
      -2,
      -1,
      2,
      1
    ]
  ],
  "per_target": {
    "(-2, -1, 2, 1)": {
      "loop": [
        -2,
        -1,
        2,
        1
      ],
      "length": 4,
      "area": 1,
      "model_real": 0.2500000000518562,
      "model_imag": 2.6689847250696563e-10,
      "exact": 0.25,
      "err_abs": 5.185618601188935e-11,
      "err_rel": 2.074247440475574e-10,
      "passed": true
    },
    "(-2, 1, 2, -1)": {
      "loop": [
        -2,
        1,
        2,
        -1
      ],
      "length": 4,
      "area": 1,
      "model_real": 0.2500000000523527,
      "model_imag": 1.8360620532634209e-10,
      "exact": 0.25,
      "err_abs": 5.235267774850172e-11,
      "err_rel": 2.0941071099400688e-10,
      "passed": true
    },
    "(-2, -2, -1, 2, 2, 1)": {
      "loop": [
        -2,
        -2,
        -1,
        2,
        2,
        1
      ],
      "length": 6,
      "area": 2,
      "model_real": 0.06249999994537215,
      "model_imag": 5.522253403254102e-10,
      "exact": 0.0625,
      "err_abs": 5.462785085397215e-11,
      "err_rel": 8.740456136635544e-10,
      "passed": true
    },
    "(-2, -2, 1, 2, 2, -1)": {
      "loop": [
        -2,
        -2,
        1,
        2,
        2,
        -1
      ],
      "length": 6,
      "area": 2,
      "model_real": 0.06249999998275005,
      "model_imag": -1.0789822030635166e-10,
      "exact": 0.0625,
      "err_abs": 1.724995146723529e-11,
      "err_rel": 2.7599922347576467e-10,
      "passed": true
    },
    "(-2, -1, -1, 2, 1, 1)": {
      "loop": [
        -2,
        -1,
        -1,
        2,
        1,
        1
      ],
      "length": 6,
      "area": 2,
      "model_real": 0.06250000017111777,
      "model_imag": -1.0956986511677369e-10,
      "exact": 0.0625,
      "err_abs": 1.7111777272926787e-10,
      "err_rel": 2.737884363668286e-09,
      "passed": true
    },
    "(-2, 1, 1, 2, -1, -1)": {
      "loop": [
        -2,
        1,
        1,
        2,
        -1,
        -1
      ],
      "length": 6,
      "area": 2,
      "model_real": 0.0625000001340468,
      "model_imag": -1.8642618800415994e-11,
      "exact": 0.0625,
      "err_abs": 1.3404680143658254e-10,
      "err_rel": 2.1447488229853207e-09,
      "passed": true
    }
  },
  "by_length_stats": {
    "4": {
      "n": 2,
      "mean_err_rel": 2.0841772752078214e-10,
      "max_err_rel": 2.0941071099400688e-10
    },
    "6": {
      "n": 4,
      "mean_err_rel": 1.5081695059482314e-09,
      "max_err_rel": 2.737884363668286e-09
    }
  },
  "worst_err_rel": 2.737884363668286e-09,
  "max_imag_abs": 5.522253403254102e-10,
  "n_fail": 0,
  "worst_over_thresh": [],
  "cyclicity_residual": 1.1784061369307009e-18,
  "boundary_norm_single": 0.5610094483608749,
  "boundary_probe_depth": {
    "0": [
      0.5610094483608749,
      0.12908623755005477,
      0.33070807134626135,
      0.18610044587521965,
      0.42893822310260715,
      0.19513462816519284,
      0.2288230333581391,
      0.36545675721271265
    ],
    "1": [
      0.14469012934963393,
      0.48211339486172566,
      0.5233392569482591,
      0.37507566779621326,
      0.2694253655862004,
      0.3863275021463509,
      0.3772109943103124,
      0.38194710468645793
    ]
  },
  "interior_unitarity": 5.124614512797609e-14,
  "final_loss": 1.2273916824517026e-17,
  "n_steps_run": 1201,
  "final_grad_norm": 1.9151318435912138e-07,
  "wall_time_s": 249.5373649597168,
  "gates": {
    "all_targets": true,
    "cyclicity": true,
    "unitarity": true
  },
  "Q1_verdict": "YES"
}