{
  "mode": "stretch",
  "D": 2,
  "L_trunc": 4,
  "L_max": 6,
  "lam": 5.0,
  "scale_init": 0.05,
  "dim": 341,
  "n_targets": 6,
  "cyc_words": [
    [
      -2,
      -2,
      -1,
      2,
      2,
      1
    ],
    [
      -2,
      -1,
      2,
      1
    ]
  ],
  "per_target": {
    "(-2, -1, 2, 1)": {
      "loop": [
        -2,
        -1,
        2,
        1
      ],
      "length": 4,
      "area": 1,
      "model_real": 0.09999999999880248,
      "model_imag": -2.8403388582093347e-12,
      "exact": 0.1,
      "err_abs": 1.1975281877241173e-12,
      "err_rel": 1.1975281877241173e-11,
      "passed": true
    },
    "(-2, 1, 2, -1)": {
      "loop": [
        -2,
        1,
        2,
        -1
      ],
      "length": 4,
      "area": 1,
      "model_real": 0.09999999999962668,
      "model_imag": -1.8403527399929454e-12,
      "exact": 0.1,
      "err_abs": 3.733263698180167e-13,
      "err_rel": 3.733263698180167e-12,
      "passed": true
    },
    "(-2, -2, -1, 2, 2, 1)": {
      "loop": [
        -2,
        -2,
        -1,
        2,
        2,
        1
      ],
      "length": 6,
      "area": 2,
      "model_real": 0.01000000000214805,
      "model_imag": -3.934137520963943e-12,
      "exact": 0.010000000000000002,
      "err_abs": 2.148047364980421e-12,
      "err_rel": 2.1480473649804205e-10,
      "passed": true
    },
    "(-2, -2, 1, 2, 2, -1)": {
      "loop": [
        -2,
        -2,
        1,
        2,
        2,
        -1
      ],
      "length": 6,
      "area": 2,
      "model_real": 0.010000000000381622,
      "model_imag": -2.1251739517474943e-13,
      "exact": 0.010000000000000002,
      "err_abs": 3.816200827566618e-13,
      "err_rel": 3.8162008275666175e-11,
      "passed": true
    },
    "(-2, -1, -1, 2, 1, 1)": {
      "loop": [
        -2,
        -1,
        -1,
        2,
        1,
        1
      ],
      "length": 6,
      "area": 2,
      "model_real": 0.010000000000561704,
      "model_imag": 3.3670241074423846e-12,
      "exact": 0.010000000000000002,
      "err_abs": 5.617017267978142e-13,
      "err_rel": 5.61701726797814e-11,
      "passed": true
    },
    "(-2, 1, 1, 2, -1, -1)": {
      "loop": [
        -2,
        1,
        1,
        2,
        -1,
        -1
      ],
      "length": 6,
      "area": 2,
      "model_real": 0.009999999999306692,
      "model_imag": 7.248458018700721e-13,
      "exact": 0.010000000000000002,
      "err_abs": 6.933099927497466e-13,
      "err_rel": 6.933099927497465e-11,
      "passed": true
    }
  },
  "by_length_stats": {
    "4": {
      "n": 2,
      "mean_err_rel": 7.85427278771067e-12,
      "max_err_rel": 1.1975281877241173e-11
    },
    "6": {
      "n": 4,
      "mean_err_rel": 9.461697918211606e-11,
      "max_err_rel": 2.1480473649804205e-10
    }
  },
  "worst_err_rel": 2.1480473649804205e-10,
  "max_imag_abs": 3.934137520963943e-12,
  "n_fail": 0,
  "worst_over_thresh": [],
  "cyclicity_residual": 1.5788152807248584e-22,
  "boundary_norm_single": 0.5470600012706327,
  "boundary_probe_depth": {
    "0": [
      0.5470600012706327,
      0.14915334466712687,
      0.2302767714573336,
      0.3932986368181765,
      0.18874339387359104,
      0.3437660219182976,
      0.16175721831703807,
      0.3762768896306633
    ],
    "1": [
      0.1827697498466855,
      0.5127844264597853,
      0.47068551395075703,
      0.31883395954508015,
      0.2741516711978559,
      0.420643325804396,
      0.3389912402777305,
      0.3961411242467355
    ]
  },
  "interior_unitarity": 5.0843565288862956e-14,
  "final_loss": 1.6247839335000989e-21,
  "n_steps_run": 901,
  "final_grad_norm": 1.1236537395071266e-09,
  "wall_time_s": 189.33174586296082,
  "gates": {
    "all_targets": true,
    "cyclicity": true,
    "unitarity": true
  },
  "Q1_verdict": "YES"
}