{
  "10.0": {
    "lam": 10.0,
    "final_loss": 7.1191246183359e-15,
    "unitarity_err": 1.0224578575431955e-15,
    "w_exact": [
      1.0,
      0.05,
      0.0,
      0.0,
      0.0,
      0.0,
      0.0
    ],
    "w_got": [
      1.0,
      0.05000008101168857,
      -1.5145686760309474e-08,
      -8.81078134062907e-09,
      8.225639658993034e-09,
      6.712951416965041e-09,
      -1.1682652706346275e-08
    ],
    "moment_errs": [
      0.0,
      8.101168856577967e-08,
      1.5145686760309474e-08,
      8.81078134062907e-09,
      8.225639658993034e-09,
      6.712951416965041e-09,
      1.1682652706346275e-08
    ],
    "max_moment_err": 8.101168856577967e-08
  },
  "5.0": {
    "lam": 5.0,
    "final_loss": 9.479427186273975e-31,
    "unitarity_err": 8.225092761937759e-16,
    "w_exact": [
      1.0,
      0.1,
      0.0,
      0.0,
      0.0,
      0.0,
      0.0
    ],
    "w_got": [
      1.0,
      0.0999999999999994,
      5.273559366969494e-16,
      -1.942890293094024e-16,
      -1.3877787807814457e-17,
      -2.220446049250313e-16,
      4.579669976578771e-16
    ],
    "moment_errs": [
      0.0,
      6.106226635438361e-16,
      5.273559366969494e-16,
      1.942890293094024e-16,
      1.3877787807814457e-17,
      2.220446049250313e-16,
      4.579669976578771e-16
    ],
    "max_moment_err": 6.106226635438361e-16
  },
  "2.0": {
    "lam": 2.0,
    "final_loss": 2.9909692036333773e-31,
    "unitarity_err": 1.1697549238499878e-15,
    "w_exact": [
      1.0,
      0.25,
      0.0,
      0.0,
      0.0,
      0.0,
      0.0
    ],
    "w_got": [
      1.0,
      0.25000000000000033,
      -8.326672684688674e-17,
      2.7755575615628914e-16,
      0.0,
      2.914335439641036e-16,
      1.3877787807814457e-16
    ],
    "moment_errs": [
      0.0,
      3.3306690738754696e-16,
      8.326672684688674e-17,
      2.7755575615628914e-16,
      0.0,
      2.914335439641036e-16,
      1.3877787807814457e-16
    ],
    "max_moment_err": 3.3306690738754696e-16
  },
  "1.0": {
    "lam": 1.0,
    "final_loss": 6.797714998845695e-16,
    "unitarity_err": 9.873243850688585e-16,
    "w_exact": [
      1.0,
      0.5,
      0.0,
      0.0,
      0.0,
      0.0,
      0.0
    ],
    "w_got": [
      1.0,
      0.5000000035011644,
      -1.4462291857142429e-08,
      1.564563500977556e-08,
      -1.2238409535791916e-08,
      7.207318290791687e-09,
      -3.4417237670947287e-09
    ],
    "moment_errs": [
      0.0,
      3.501164358432618e-09,
      1.4462291857142429e-08,
      1.564563500977556e-08,
      1.2238409535791916e-08,
      7.207318290791687e-09,
      3.4417237670947287e-09
    ],
    "max_moment_err": 1.564563500977556e-08
  },
  "0.8": {
    "lam": 0.8,
    "final_loss": 1.5401605082714226e-06,
    "unitarity_err": 1.0249324129443196e-15,
    "w_exact": [
      1.0,
      0.599999999999928,
      0.04000000000016169,
      -0.03999999999985117,
      0.027199999999413867,
      -0.00927999999923185,
      -0.005055999999850293
    ],
    "w_got": [
      1.0,
      0.6008717307028921,
      0.039299291929040296,
      -0.039536181679348206,
      0.02694940940213913,
      -0.009176568601079918,
      -0.005081162528461872
    ],
    "moment_errs": [
      0.0,
      0.0008717307029640908,
      0.0007007080711213948,
      0.00046381832050296223,
      0.00025059059727473507,
      0.00010343139815193261,
      2.516252861157857e-05
    ],
    "max_moment_err": 0.0008717307029640908
  },
  "0.5": {
    "lam": 0.5,
    "final_loss": 1.0431224442702153e-06,
    "unitarity_err": 6.418805043651939e-16,
    "w_exact": [
      1.0,
      0.7499999999945446,
      0.24999999999984682,
      -0.062499999999999716,
      -0.062499999999276835,
      0.031249999999999143,
      0.031249999997044833
    ],
    "w_got": [
      1.0,
      0.7495534789094179,
      0.24984125450123487,
      -0.06190327049348515,
      -0.06309757218751813,
      0.03156539505612734,
      0.031173263005031496
    ],
    "moment_errs": [
      0.0,
      0.000446521085126661,
      0.0001587454986119452,
      0.0005967295065145636,
      0.0005975721882412952,
      0.0003153950561281989,
      7.673699201333692e-05
    ],
    "max_moment_err": 0.0005975721882412952
  }
}