{
  "D": 3,
  "L_trunc": 3,
  "dim": 259,
  "lam": 10.0,
  "scale_init": 0.05,
  "per_target": {
    "(1, 2, -1, -2)": {
      "loop": [
        1,
        2,
        -1,
        -2
      ],
      "length": 4,
      "model_real": 0.04999999701035461,
      "model_imag": 3.412493204471025e-08,
      "exact_leading_order": 0.05,
      "err_rel": 5.979290784718927e-08
    },
    "(1, 3, -1, -3)": {
      "loop": [
        1,
        3,
        -1,
        -3
      ],
      "length": 4,
      "model_real": 0.049999999873704765,
      "model_imag": 3.0062733213736224e-10,
      "exact_leading_order": 0.05,
      "err_rel": 2.52590476312875e-09
    },
    "(2, 3, -2, -3)": {
      "loop": [
        2,
        3,
        -2,
        -3
      ],
      "length": 4,
      "model_real": 0.04999999992782451,
      "model_imag": 1.7617640072492557e-10,
      "exact_leading_order": 0.05,
      "err_rel": 1.4435098949494574e-09
    },
    "(1, 1, 2, -1, -1, -2)": {
      "loop": [
        1,
        1,
        2,
        -1,
        -1,
        -2
      ],
      "length": 6,
      "model_real": 0.002500010131907042,
      "model_imag": -9.857109465988246e-09,
      "exact_leading_order": 0.0025000000000000005,
      "err_rel": 4.052762816661447e-06
    },
    "(1, 1, 3, -1, -1, -3)": {
      "loop": [
        1,
        1,
        3,
        -1,
        -1,
        -3
      ],
      "length": 6,
      "model_real": 0.0025000000040710704,
      "model_imag": -5.3228117009515574e-11,
      "exact_leading_order": 0.0025000000000000005,
      "err_rel": 1.6284279480416326e-09
    },
    "(2, 2, 3, -2, -2, -3)": {
      "loop": [
        2,
        2,
        3,
        -2,
        -2,
        -3
      ],
      "length": 6,
      "model_real": 0.002499999848571404,
      "model_imag": -4.0723394795216805e-10,
      "exact_leading_order": 0.0025000000000000005,
      "err_rel": 6.057143866339264e-08
    },
    "(1, 1, 2, 2, -1, -1, -2, -2)": {
      "loop": [
        1,
        1,
        2,
        2,
        -1,
        -1,
        -2,
        -2
      ],
      "length": 8,
      "model_real": 6.246951952249404e-06,
      "model_imag": 6.607539279612773e-09,
      "exact_leading_order": 6.250000000000001e-06,
      "err_rel": 0.000487687640095605
    },
    "(1, 1, 3, 3, -1, -1, -3, -3)": {
      "loop": [
        1,
        1,
        3,
        3,
        -1,
        -1,
        -3,
        -3
      ],
      "length": 8,
      "model_real": 6.249983635582654e-06,
      "model_imag": 5.219299775358066e-11,
      "exact_leading_order": 6.250000000000001e-06,
      "err_rel": 2.6183067755483447e-06
    },
    "(2, 2, 3, 3, -2, -2, -3, -3)": {
      "loop": [
        2,
        2,
        3,
        3,
        -2,
        -2,
        -3,
        -3
      ],
      "length": 8,
      "model_real": 6.2500474970179996e-06,
      "model_imag": -3.8844193703604923e-11,
      "exact_leading_order": 6.250000000000001e-06,
      "err_rel": 7.599522879747371e-06
    },
    "(1, 2, -1, -2, -1, 2, 1, -2)": {
      "loop": [
        1,
        2,
        -1,
        -2,
        -1,
        2,
        1,
        -2
      ],
      "length": 8,
      "model_real": 0.002500006744415096,
      "model_imag": 1.4890354287045923e-09,
      "exact_leading_order": 0.0025000000000000005,
      "err_rel": 2.697766038166349e-06
    }
  },
  "cyclicity_residual": 4.296115665376657e-18,
  "interior_unitarity": 3.0993581285286524e-14,
  "boundary_norm_single": 0.5402687186807016,
  "final_loss": 1.5172237538776572e-15,
  "n_steps_run": 2001,
  "final_grad_norm": 1.4110483804524627e-08,
  "wall_time_s": 438.35702204704285
}