{
  "D": 2,
  "L_trunc": 3,
  "dim": 85,
  "lam": 5.0,
  "scale_init": 0.05,
  "weights": {
    "mm_plaq": 1.0,
    "cyc": 10.0,
    "rp": 1.0,
    "sym": 1.0
  },
  "per_target": {
    "(1, 2, -1, -2)": {
      "loop": [
        1,
        2,
        -1,
        -2
      ],
      "length": 4,
      "model": 0.9657908189024987,
      "exact": 0.1,
      "err_abs": 0.8657908189024988,
      "err_rel": 8.657908189024987
    },
    "(1, 1, 2, -1, -1, -2)": {
      "loop": [
        1,
        1,
        2,
        -1,
        -1,
        -2
      ],
      "length": 6,
      "model": 0.9198756172432558,
      "exact": 0.010000000000000002,
      "err_abs": 0.9098756172432558,
      "err_rel": 90.98756172432556
    },
    "(1, 2, 2, -1, -2, -2)": {
      "loop": [
        1,
        2,
        2,
        -1,
        -2,
        -2
      ],
      "length": 6,
      "model": 0.8726241272213986,
      "exact": 0.010000000000000002,
      "err_abs": 0.8626241272213986,
      "err_rel": 86.26241272213984
    },
    "(1, 1, 2, 2, -1, -1, -2, -2)": {
      "loop": [
        1,
        1,
        2,
        2,
        -1,
        -1,
        -2,
        -2
      ],
      "length": 8,
      "model": 0.7040871165022997,
      "exact": 0.00010000000000000002,
      "err_abs": 0.7039871165022997,
      "err_rel": 7039.871165022996
    },
    "(1, 1, 1, 2, -1, -1, -1, -2)": {
      "loop": [
        1,
        1,
        1,
        2,
        -1,
        -1,
        -1,
        -2
      ],
      "length": 8,
      "model": 0.9306994652691891,
      "exact": 0.0010000000000000002,
      "err_abs": 0.9296994652691891,
      "err_rel": 929.6994652691889
    },
    "(1, 2, -1, -2, -1, 2, 1, -2)": {
      "loop": [
        1,
        2,
        -1,
        -2,
        -1,
        2,
        1,
        -2
      ],
      "length": 8,
      "model": 0.9489078298392392,
      "exact": 0.010000000000000002,
      "err_abs": 0.9389078298392391,
      "err_rel": 93.8907829839239
    }
  },
  "plaquette_mm_residual": -1.7436071935359896,
  "cyclicity_residual": 0.00037764963019718093,
  "interior_unitarity": 7.395883554078865e-15,
  "boundary_norm_single": 0.20599360239747072,
  "final_loss": 3.1444917157505827,
  "n_steps_run": 200,
  "final_grad_norm": 2.621753844239711,
  "wall_time_s": 113.06897401809692
}