{
  "D": 2,
  "L_trunc": 4,
  "dim": 341,
  "lam": 5.0,
  "scale_init": 0.05,
  "weights": {
    "mm_plaq": 1.0,
    "cyc": 10.0,
    "rp": 1.0,
    "sym": 1.0,
    "fact": 10.0
  },
  "per_target": {
    "(1, 2, -1, -2)": {
      "loop": [
        1,
        2,
        -1,
        -2
      ],
      "length": 4,
      "model": 0.09999998227249944,
      "exact": 0.1,
      "err_abs": 1.772750056472372e-08,
      "err_rel": 1.772750056472372e-07
    },
    "(1, 1, 2, -1, -1, -2)": {
      "loop": [
        1,
        1,
        2,
        -1,
        -1,
        -2
      ],
      "length": 6,
      "model": 0.01000000550606553,
      "exact": 0.010000000000000002,
      "err_abs": 5.506065528862458e-09,
      "err_rel": 5.506065528862457e-07
    },
    "(1, 2, 2, -1, -2, -2)": {
      "loop": [
        1,
        2,
        2,
        -1,
        -2,
        -2
      ],
      "length": 6,
      "model": 0.010000000260064881,
      "exact": 0.010000000000000002,
      "err_abs": 2.600648793538163e-10,
      "err_rel": 2.600648793538162e-08
    },
    "(1, 1, 2, 2, -1, -1, -2, -2)": {
      "loop": [
        1,
        1,
        2,
        2,
        -1,
        -1,
        -2,
        -2
      ],
      "length": 8,
      "model": 0.00010000874166404876,
      "exact": 0.00010000000000000002,
      "err_abs": 8.74166404874247e-09,
      "err_rel": 8.741664048742468e-05
    },
    "(1, 1, 1, 2, -1, -1, -1, -2)": {
      "loop": [
        1,
        1,
        1,
        2,
        -1,
        -1,
        -1,
        -2
      ],
      "length": 8,
      "model": 0.0010000227082452965,
      "exact": 0.0010000000000000002,
      "err_abs": 2.2708245296307328e-08,
      "err_rel": 2.270824529630732e-05
    },
    "(1, 2, -1, -2, -1, 2, 1, -2)": {
      "loop": [
        1,
        2,
        -1,
        -2,
        -1,
        2,
        1,
        -2
      ],
      "length": 8,
      "model": 0.010000028479741092,
      "exact": 0.010000000000000002,
      "err_abs": 2.847974108974305e-08,
      "err_rel": 2.8479741089743045e-06
    }
  },
  "plaquette_mm_residual": 3.6216114040425046e-08,
  "cyclicity_residual": 1.0980179794176193e-15,
  "interior_unitarity": 3.9790661940451365e-14,
  "boundary_norm_single": 0.4229255171488987,
  "final_loss": 7.75120103852133e-13,
  "n_steps_run": 2501,
  "final_grad_norm": 6.921632851213792e-07,
  "wall_time_s": 1389.3148272037506
}