{
  "D": 2,
  "L_trunc": 4,
  "dim": 341,
  "lam": 5.0,
  "scale_init": 0.05,
  "weights": {
    "mm_plaq": 1.0,
    "cyc": 10.0,
    "rp": 1.0,
    "sym": 1.0
  },
  "per_target": {
    "(1, 2, -1, -2)": {
      "loop": [
        1,
        2,
        -1,
        -2
      ],
      "length": 4,
      "model": 0.11880634330067236,
      "exact": 0.1,
      "err_abs": 0.01880634330067235,
      "err_rel": 0.1880634330067235
    },
    "(1, 1, 2, -1, -1, -2)": {
      "loop": [
        1,
        1,
        2,
        -1,
        -1,
        -2
      ],
      "length": 6,
      "model": 0.2021793007746398,
      "exact": 0.010000000000000002,
      "err_abs": 0.1921793007746398,
      "err_rel": 19.217930077463976
    },
    "(1, 2, 2, -1, -2, -2)": {
      "loop": [
        1,
        2,
        2,
        -1,
        -2,
        -2
      ],
      "length": 6,
      "model": 0.20217925504980774,
      "exact": 0.010000000000000002,
      "err_abs": 0.19217925504980773,
      "err_rel": 19.21792550498077
    },
    "(1, 1, 2, 2, -1, -1, -2, -2)": {
      "loop": [
        1,
        1,
        2,
        2,
        -1,
        -1,
        -2,
        -2
      ],
      "length": 8,
      "model": -0.12521057864127733,
      "exact": 0.00010000000000000002,
      "err_abs": 0.12531057864127731,
      "err_rel": 1253.1057864127729
    },
    "(1, 1, 1, 2, -1, -1, -1, -2)": {
      "loop": [
        1,
        1,
        1,
        2,
        -1,
        -1,
        -1,
        -2
      ],
      "length": 8,
      "model": 0.2133790550344853,
      "exact": 0.0010000000000000002,
      "err_abs": 0.2123790550344853,
      "err_rel": 212.37905503448525
    },
    "(1, 2, -1, -2, -1, 2, 1, -2)": {
      "loop": [
        1,
        2,
        -1,
        -2,
        -1,
        2,
        1,
        -2
      ],
      "length": 8,
      "model": 0.2539238643793623,
      "exact": 0.010000000000000002,
      "err_abs": 0.2439238643793623,
      "err_rel": 24.392386437936228
    }
  },
  "plaquette_mm_residual": 1.7496692140874653e-07,
  "cyclicity_residual": 4.539987732233548e-14,
  "interior_unitarity": 2.3718880785891502e-14,
  "boundary_norm_single": 0.2857407592343765,
  "final_loss": 1.2432084994161168e-10,
  "n_steps_run": 5000,
  "final_grad_norm": 2.013457701024296e-06,
  "wall_time_s": 3204.0410120487213
}